<?xml version="1.0" encoding="UTF-8"?>
<project-private xmlns="http://www.netbeans.org/ns/project-private/1">
    <editor-bookmarks xmlns="http://www.netbeans.org/ns/editor-bookmarks/2" lastBookmarkId="0"/>
    <open-files xmlns="http://www.netbeans.org/ns/projectui-open-files/2">
        <group>
            <file>file:/D:/xampp/htdocs/Edurater/connection.php</file>
            <file>file:/D:/xampp/htdocs/Edurater/MainpageStyle.css</file>
            <file>file:/D:/xampp/htdocs/Edurater/Signup.php</file>
            <file>file:/D:/xampp/htdocs/Edurater/index.php</file>
            <file>file:/D:/xampp/htdocs/Edurater/Homepage.php</file>
            <file>file:/D:/xampp/htdocs/Edurater/HomepageScript.js</file>
            <file>file:/D:/xampp/htdocs/Edurater/Mainpage.php</file>
        </group>
    </open-files>
</project-private>
